comparacion,estructura,n,tiempo_us
Insercion-enExtremoAccesible,List.PushFront[Singly-NoTail],10,0.3329
Insercion-enExtremoAccesible,Stack.Push[Array],10,0.4020
Insercion-alFinal,List.PushBack[Singly-Tail],10,0.4286
Insercion-alFinal,Queue.Enqueue[CircularArray],10,0.3741
Eliminacion-enExtremoAccesible,List.PopFront[Singly-NoTail],10,0.3479
Eliminacion-enExtremoAccesible,Stack.Pop[Array],10,0.4809
Eliminacion-FIFO,List.PopFront[Singly-NoTail],10,0.2333
Eliminacion-FIFO,Queue.Dequeue[CircularArray],10,0.4657
ConsultaExtremo,List.TopFront[Singly-NoTail],10,0.3037
ConsultaExtremo,Stack.Peek[Array],10,0.5307
ConsultaExtremo,Queue.Front[CircularArray],10,0.3080
EliminacionPorValor,List.Erase[Singly-NoTail],10,0.4031
EliminacionPorValor,Stack.Delete[Array],10,0.3878
EliminacionPorValor,Queue.Delete[CircularArray],10,0.3001
Insercion-enExtremoAccesible,List.PushFront[Singly-NoTail],100,0.2767
Insercion-enExtremoAccesible,Stack.Push[Array],100,0.2297
Insercion-alFinal,List.PushBack[Singly-Tail],100,0.4964
Insercion-alFinal,Queue.Enqueue[CircularArray],100,0.3703
Eliminacion-enExtremoAccesible,List.PopFront[Singly-NoTail],100,0.1445
Eliminacion-enExtremoAccesible,Stack.Pop[Array],100,0.2190
Eliminacion-FIFO,List.PopFront[Singly-NoTail],100,0.1666
Eliminacion-FIFO,Queue.Dequeue[CircularArray],100,0.2185
ConsultaExtremo,List.TopFront[Singly-NoTail],100,0.1288
ConsultaExtremo,Stack.Peek[Array],100,0.1283
ConsultaExtremo,Queue.Front[CircularArray],100,0.1180
EliminacionPorValor,List.Erase[Singly-NoTail],100,2.5451
EliminacionPorValor,Stack.Delete[Array],100,0.2171
EliminacionPorValor,Queue.Delete[CircularArray],100,0.4751
Insercion-enExtremoAccesible,List.PushFront[Singly-NoTail],1000,0.2059
Insercion-enExtremoAccesible,Stack.Push[Array],1000,0.1672
Insercion-alFinal,List.PushBack[Singly-Tail],1000,0.3251
Insercion-alFinal,Queue.Enqueue[CircularArray],1000,0.1849
Eliminacion-enExtremoAccesible,List.PopFront[Singly-NoTail],1000,1.9435
Eliminacion-enExtremoAccesible,Stack.Pop[Array],1000,0.2827
Eliminacion-FIFO,List.PopFront[Singly-NoTail],1000,0.1661
Eliminacion-FIFO,Queue.Dequeue[CircularArray],1000,0.2565
ConsultaExtremo,List.TopFront[Singly-NoTail],1000,0.1652
ConsultaExtremo,Stack.Peek[Array],1000,0.1383
ConsultaExtremo,Queue.Front[CircularArray],1000,0.1791
EliminacionPorValor,List.Erase[Singly-NoTail],1000,1.4425
EliminacionPorValor,Stack.Delete[Array],1000,0.6982
EliminacionPorValor,Queue.Delete[CircularArray],1000,3.3716
Insercion-enExtremoAccesible,List.PushFront[Singly-NoTail],10000,0.4559
Insercion-enExtremoAccesible,Stack.Push[Array],10000,0.5827
Insercion-alFinal,List.PushBack[Singly-Tail],10000,0.7057
Insercion-alFinal,Queue.Enqueue[CircularArray],10000,0.3657
Eliminacion-enExtremoAccesible,List.PopFront[Singly-NoTail],10000,0.3609
Eliminacion-enExtremoAccesible,Stack.Pop[Array],10000,0.6714
Eliminacion-FIFO,List.PopFront[Singly-NoTail],10000,0.3719
Eliminacion-FIFO,Queue.Dequeue[CircularArray],10000,0.7517
ConsultaExtremo,List.TopFront[Singly-NoTail],10000,0.3132
ConsultaExtremo,Stack.Peek[Array],10000,0.3812
ConsultaExtremo,Queue.Front[CircularArray],10000,0.4988
EliminacionPorValor,List.Erase[Singly-NoTail],10000,15.0212
EliminacionPorValor,Stack.Delete[Array],10000,5.9296
EliminacionPorValor,Queue.Delete[CircularArray],10000,31.7957
Insercion-enExtremoAccesible,List.PushFront[Singly-NoTail],100000,1.8194
Insercion-enExtremoAccesible,Stack.Push[Array],100000,1.4974
Insercion-alFinal,List.PushBack[Singly-Tail],100000,3.0008
Insercion-alFinal,Queue.Enqueue[CircularArray],100000,2.7040
Eliminacion-enExtremoAccesible,List.PopFront[Singly-NoTail],100000,2.0374
Eliminacion-enExtremoAccesible,Stack.Pop[Array],100000,2.6498
Eliminacion-FIFO,List.PopFront[Singly-NoTail],100000,1.9722
Eliminacion-FIFO,Queue.Dequeue[CircularArray],100000,3.0662
ConsultaExtremo,List.TopFront[Singly-NoTail],100000,1.3302
ConsultaExtremo,Stack.Peek[Array],100000,1.6974
ConsultaExtremo,Queue.Front[CircularArray],100000,2.0836
EliminacionPorValor,List.Erase[Singly-NoTail],100000,188.7150
EliminacionPorValor,Stack.Delete[Array],100000,69.3934
EliminacionPorValor,Queue.Delete[CircularArray],100000,335.7522
Insercion-enExtremoAccesible,List.PushFront[Singly-NoTail],1000000,8.4680
Insercion-enExtremoAccesible,Stack.Push[Array],1000000,10.1310
Insercion-alFinal,List.PushBack[Singly-Tail],1000000,13.8853
Insercion-alFinal,Queue.Enqueue[CircularArray],1000000,9.8120
Eliminacion-enExtremoAccesible,List.PopFront[Singly-NoTail],1000000,7.3797
Eliminacion-enExtremoAccesible,Stack.Pop[Array],1000000,9.3180
Eliminacion-FIFO,List.PopFront[Singly-NoTail],1000000,6.4390
Eliminacion-FIFO,Queue.Dequeue[CircularArray],1000000,9.3157
ConsultaExtremo,List.TopFront[Singly-NoTail],1000000,4.5060
ConsultaExtremo,Stack.Peek[Array],1000000,6.9217
ConsultaExtremo,Queue.Front[CircularArray],1000000,6.0007
EliminacionPorValor,List.Erase[Singly-NoTail],1000000,2764.5980
EliminacionPorValor,Stack.Delete[Array],1000000,969.6597
EliminacionPorValor,Queue.Delete[CircularArray],1000000,3480.6543
