implementacion,metodo,n,tiempo_us
SinglyLinkedList-NoTail,PushFront,10,0.3646
SinglyLinkedList-NoTail,PushBack,10,0.6914
SinglyLinkedList-NoTail,PopFront,10,0.4301
SinglyLinkedList-NoTail,PopBack,10,0.3825
SinglyLinkedList-NoTail,Find,10,2.4816
SinglyLinkedList-NoTail,Erase,10,1.7309
SinglyLinkedList-NoTail,AddBefore,10,1.0410
SinglyLinkedList-NoTail,AddAfter,10,9.8233
SinglyLinkedList-NoTail,PushFront,100,0.3315
SinglyLinkedList-NoTail,PushBack,100,1.6192
SinglyLinkedList-NoTail,PopFront,100,0.6390
SinglyLinkedList-NoTail,PopBack,100,1.3276
SinglyLinkedList-NoTail,Find,100,2.0690
SinglyLinkedList-NoTail,Erase,100,2.2397
SinglyLinkedList-NoTail,AddBefore,100,2.6369
SinglyLinkedList-NoTail,AddAfter,100,2.1872
SinglyLinkedList-NoTail,PushFront,1000,0.3410
SinglyLinkedList-NoTail,PushBack,1000,11.2869
SinglyLinkedList-NoTail,PopFront,1000,0.4457
SinglyLinkedList-NoTail,PopBack,1000,11.6795
SinglyLinkedList-NoTail,Find,1000,56.8330
SinglyLinkedList-NoTail,Erase,1000,19.2535
SinglyLinkedList-NoTail,AddBefore,1000,65.6164
SinglyLinkedList-NoTail,AddAfter,1000,17.5266
SinglyLinkedList-NoTail,PushFront,10000,0.7831
SinglyLinkedList-NoTail,PushBack,10000,871.3164
SinglyLinkedList-NoTail,PopFront,10000,0.8153
SinglyLinkedList-NoTail,PopBack,10000,405.4139
SinglyLinkedList-NoTail,Find,10000,171.5547
SinglyLinkedList-NoTail,Erase,10000,171.7496
SinglyLinkedList-NoTail,AddBefore,10000,172.0001
SinglyLinkedList-NoTail,AddAfter,10000,164.3471
SinglyLinkedList-NoTail,PushFront,100000,1.9516
SinglyLinkedList-NoTail,PushBack,100000,336.3040
SinglyLinkedList-NoTail,PopFront,100000,1.9864
SinglyLinkedList-NoTail,PopBack,100000,352.0042
SinglyLinkedList-NoTail,Find,100000,952.6396
SinglyLinkedList-NoTail,Erase,100000,1284.1746
SinglyLinkedList-NoTail,AddBefore,100000,843.7280
SinglyLinkedList-NoTail,AddAfter,100000,1611.5768
SinglyLinkedList-NoTail,PushFront,1000000,7.9513
SinglyLinkedList-NoTail,PushBack,1000000,6657.8920
SinglyLinkedList-NoTail,PopFront,1000000,6.9223
SinglyLinkedList-NoTail,PopBack,1000000,6213.2463
SinglyLinkedList-NoTail,Find,1000000,3167.9783
SinglyLinkedList-NoTail,Erase,1000000,2179.1280
SinglyLinkedList-NoTail,AddBefore,1000000,2527.8573
SinglyLinkedList-NoTail,AddAfter,1000000,2338.4793
SinglyLinkedList-Tail,PushFront,10,0.2959
SinglyLinkedList-Tail,PushBack,10,0.4167
SinglyLinkedList-Tail,PopFront,10,0.3226
SinglyLinkedList-Tail,PopBack,10,0.3804
SinglyLinkedList-Tail,Find,10,0.7159
SinglyLinkedList-Tail,Erase,10,0.5132
SinglyLinkedList-Tail,AddBefore,10,0.8532
SinglyLinkedList-Tail,AddAfter,10,0.5342
SinglyLinkedList-Tail,PushFront,100,0.2179
SinglyLinkedList-Tail,PushBack,100,0.2806
SinglyLinkedList-Tail,PopFront,100,0.1761
SinglyLinkedList-Tail,PopBack,100,1.2661
SinglyLinkedList-Tail,Find,100,1.8195
SinglyLinkedList-Tail,Erase,100,1.9725
SinglyLinkedList-Tail,AddBefore,100,1.9541
SinglyLinkedList-Tail,AddAfter,100,1.8433
SinglyLinkedList-Tail,PushFront,1000,0.3257
SinglyLinkedList-Tail,PushBack,1000,0.4952
SinglyLinkedList-Tail,PopFront,1000,0.3727
SinglyLinkedList-Tail,PopBack,1000,10.6077
SinglyLinkedList-Tail,Find,1000,17.3410
SinglyLinkedList-Tail,Erase,1000,20.5365
SinglyLinkedList-Tail,AddBefore,1000,17.2913
SinglyLinkedList-Tail,AddAfter,1000,16.6038
SinglyLinkedList-Tail,PushFront,10000,0.7539
SinglyLinkedList-Tail,PushBack,10000,0.5633
SinglyLinkedList-Tail,PopFront,10000,0.4857
SinglyLinkedList-Tail,PopBack,10000,408.2226
SinglyLinkedList-Tail,Find,10000,164.4807
SinglyLinkedList-Tail,Erase,10000,177.5853
SinglyLinkedList-Tail,AddBefore,10000,174.9653
SinglyLinkedList-Tail,AddAfter,10000,156.9551
SinglyLinkedList-Tail,PushFront,100000,1.8026
SinglyLinkedList-Tail,PushBack,100000,2.4738
SinglyLinkedList-Tail,PopFront,100000,2.0188
SinglyLinkedList-Tail,PopBack,100000,259.2840
SinglyLinkedList-Tail,Find,100000,689.7878
SinglyLinkedList-Tail,Erase,100000,1186.6612
SinglyLinkedList-Tail,AddBefore,100000,1986.9726
SinglyLinkedList-Tail,AddAfter,100000,463.1846
SinglyLinkedList-Tail,PushFront,1000000,8.1897
SinglyLinkedList-Tail,PushBack,1000000,11.9597
SinglyLinkedList-Tail,PopFront,1000000,8.9773
SinglyLinkedList-Tail,PopBack,1000000,6710.7870
SinglyLinkedList-Tail,Find,1000000,2907.5800
SinglyLinkedList-Tail,Erase,1000000,2706.4323
SinglyLinkedList-Tail,AddBefore,1000000,3857.0907
SinglyLinkedList-Tail,AddAfter,1000000,2113.0057
DoublyLinkedList-NoTail,PushFront,10,0.4235
DoublyLinkedList-NoTail,PushBack,10,0.5905
DoublyLinkedList-NoTail,PopFront,10,0.3779
DoublyLinkedList-NoTail,PopBack,10,0.3855
DoublyLinkedList-NoTail,Find,10,0.6588
DoublyLinkedList-NoTail,Erase,10,0.5882
DoublyLinkedList-NoTail,AddBefore,10,0.5775
DoublyLinkedList-NoTail,AddAfter,10,0.5104
DoublyLinkedList-NoTail,PushFront,100,0.2001
DoublyLinkedList-NoTail,PushBack,100,1.2420
DoublyLinkedList-NoTail,PopFront,100,0.3441
DoublyLinkedList-NoTail,PopBack,100,1.2239
DoublyLinkedList-NoTail,Find,100,1.9162
DoublyLinkedList-NoTail,Erase,100,1.8342
DoublyLinkedList-NoTail,AddBefore,100,1.9220
DoublyLinkedList-NoTail,AddAfter,100,1.8771
DoublyLinkedList-NoTail,PushFront,1000,0.2835
DoublyLinkedList-NoTail,PushBack,1000,10.0607
DoublyLinkedList-NoTail,PopFront,1000,0.4291
DoublyLinkedList-NoTail,PopBack,1000,10.5726
DoublyLinkedList-NoTail,Find,1000,19.4675
DoublyLinkedList-NoTail,Erase,1000,28.8516
DoublyLinkedList-NoTail,AddBefore,1000,2.8274
DoublyLinkedList-NoTail,AddAfter,1000,2.7302
DoublyLinkedList-NoTail,PushFront,10000,0.4947
DoublyLinkedList-NoTail,PushBack,10000,271.6967
DoublyLinkedList-NoTail,PopFront,10000,0.7157
DoublyLinkedList-NoTail,PopBack,10000,281.0412
DoublyLinkedList-NoTail,Find,10000,174.7988
DoublyLinkedList-NoTail,Erase,10000,315.8451
DoublyLinkedList-NoTail,AddBefore,10000,13.6276
DoublyLinkedList-NoTail,AddAfter,10000,13.9264
DoublyLinkedList-NoTail,PushFront,100000,2.0138
DoublyLinkedList-NoTail,PushBack,100000,415.4616
DoublyLinkedList-NoTail,PopFront,100000,5.8086
DoublyLinkedList-NoTail,PopBack,100000,307.0466
DoublyLinkedList-NoTail,Find,100000,620.1566
DoublyLinkedList-NoTail,Erase,100000,153.3152
DoublyLinkedList-NoTail,AddBefore,100000,154.3088
DoublyLinkedList-NoTail,AddAfter,100000,224.0346
DoublyLinkedList-NoTail,PushFront,1000000,5.1150
DoublyLinkedList-NoTail,PushBack,1000000,10436.1643
DoublyLinkedList-NoTail,PopFront,1000000,6.5747
DoublyLinkedList-NoTail,PopBack,1000000,8815.8987
DoublyLinkedList-NoTail,Find,1000000,4041.4987
DoublyLinkedList-NoTail,Erase,1000000,4364.2383
DoublyLinkedList-NoTail,AddBefore,1000000,4972.8993
DoublyLinkedList-NoTail,AddAfter,1000000,4216.4317
DoublyLinkedList-Tail,PushFront,10,0.3762
DoublyLinkedList-Tail,PushBack,10,0.4715
DoublyLinkedList-Tail,PopFront,10,0.3951
DoublyLinkedList-Tail,PopBack,10,0.2403
DoublyLinkedList-Tail,Find,10,0.6853
DoublyLinkedList-Tail,Erase,10,0.5869
DoublyLinkedList-Tail,AddBefore,10,0.5514
DoublyLinkedList-Tail,AddAfter,10,0.4934
DoublyLinkedList-Tail,PushFront,100,0.2379
DoublyLinkedList-Tail,PushBack,100,0.2677
DoublyLinkedList-Tail,PopFront,100,0.4028
DoublyLinkedList-Tail,PopBack,100,0.1677
DoublyLinkedList-Tail,Find,100,1.8651
DoublyLinkedList-Tail,Erase,100,1.8707
DoublyLinkedList-Tail,AddBefore,100,2.0838
DoublyLinkedList-Tail,AddAfter,100,2.1361
DoublyLinkedList-Tail,PushFront,1000,0.2891
DoublyLinkedList-Tail,PushBack,1000,0.3825
DoublyLinkedList-Tail,PopFront,1000,0.2257
DoublyLinkedList-Tail,PopBack,1000,0.1941
DoublyLinkedList-Tail,Find,1000,17.5039
DoublyLinkedList-Tail,Erase,1000,27.0169
DoublyLinkedList-Tail,AddBefore,1000,2.9632
DoublyLinkedList-Tail,AddAfter,1000,3.3182
DoublyLinkedList-Tail,PushFront,10000,0.5351
DoublyLinkedList-Tail,PushBack,10000,0.8571
DoublyLinkedList-Tail,PopFront,10000,0.8894
DoublyLinkedList-Tail,PopBack,10000,0.5279
DoublyLinkedList-Tail,Find,10000,171.3443
DoublyLinkedList-Tail,Erase,10000,219.3571
DoublyLinkedList-Tail,AddBefore,10000,38.5252
DoublyLinkedList-Tail,AddAfter,10000,31.1992
DoublyLinkedList-Tail,PushFront,100000,1.8032
DoublyLinkedList-Tail,PushBack,100000,5.4862
DoublyLinkedList-Tail,PopFront,100000,2.2230
DoublyLinkedList-Tail,PopBack,100000,2.6662
DoublyLinkedList-Tail,Find,100000,947.2048
DoublyLinkedList-Tail,Erase,100000,154.7122
DoublyLinkedList-Tail,AddBefore,100000,279.8994
DoublyLinkedList-Tail,AddAfter,100000,211.5616
DoublyLinkedList-Tail,PushFront,1000000,6.4777
DoublyLinkedList-Tail,PushBack,1000000,11.2657
DoublyLinkedList-Tail,PopFront,1000000,9.2873
DoublyLinkedList-Tail,PopBack,1000000,8.9853
DoublyLinkedList-Tail,Find,1000000,4401.7460
DoublyLinkedList-Tail,Erase,1000000,3820.2600
DoublyLinkedList-Tail,AddBefore,1000000,4218.8297
DoublyLinkedList-Tail,AddAfter,1000000,4451.4743
