estructura,metodo,n,tiempo_us
MyStack-Array,Push,10,0.3510
MyStack-Array,Pop,10,0.6052
MyStack-Array,Peek,10,0.3642
MyStack-Array,Delete,10,1.0604
MyQueue-CircularArray,Enqueue,10,0.2895
MyQueue-CircularArray,Dequeue,10,0.4215
MyQueue-CircularArray,Front,10,0.2518
MyQueue-CircularArray,Delete,10,1.0408
MyStack-Array,Push,100,0.2197
MyStack-Array,Pop,100,0.3549
MyStack-Array,Peek,100,0.1799
MyStack-Array,Delete,100,3.5908
MyQueue-CircularArray,Enqueue,100,0.2052
MyQueue-CircularArray,Dequeue,100,0.3074
MyQueue-CircularArray,Front,100,0.2209
MyQueue-CircularArray,Delete,100,4.5587
MyStack-Array,Push,1000,0.2707
MyStack-Array,Pop,1000,0.3168
MyStack-Array,Peek,1000,0.2345
MyStack-Array,Delete,1000,28.6421
MyQueue-CircularArray,Enqueue,1000,0.2688
MyQueue-CircularArray,Dequeue,1000,0.4122
MyQueue-CircularArray,Front,1000,0.3015
MyQueue-CircularArray,Delete,1000,40.7901
MyStack-Array,Push,10000,0.5097
MyStack-Array,Pop,10000,0.6888
MyStack-Array,Peek,10000,0.6457
MyStack-Array,Delete,10000,749.4482
MyQueue-CircularArray,Enqueue,10000,0.6929
MyQueue-CircularArray,Dequeue,10000,0.6528
MyQueue-CircularArray,Front,10000,0.9153
MyQueue-CircularArray,Delete,10000,778.2707
MyStack-Array,Push,100000,2.0936
MyStack-Array,Pop,100000,2.9430
MyStack-Array,Peek,100000,2.1372
MyStack-Array,Delete,100000,472.6540
MyQueue-CircularArray,Enqueue,100000,1.9606
MyQueue-CircularArray,Dequeue,100000,3.0886
MyQueue-CircularArray,Front,100000,2.1088
MyQueue-CircularArray,Delete,100000,1113.8834
MyStack-Array,Push,1000000,17.0317
MyStack-Array,Pop,1000000,8.8923
MyStack-Array,Peek,1000000,17.3450
MyStack-Array,Delete,1000000,3200.5860
MyQueue-CircularArray,Enqueue,1000000,14.5757
MyQueue-CircularArray,Dequeue,1000000,8.9017
MyQueue-CircularArray,Front,1000000,6.2427
MyQueue-CircularArray,Delete,1000000,3513.6770
